{
  "camera_scale": 3.9787070743009982,
  "camera_info": [
    {
      "raw": [
        2245.7863503558,
        2064.9059471702,
        382.42610119248,
        -10799.675948792,
        -198.29996395261,
        2019.4080228011,
        -1909.0007589817,
        7849.203173325,
        -0.04649515840581,
        0.96924939530446,
        0.24164811182123,
        0.21361887618352
      ],
      "image_size": [
        4000,
        3000
      ],
      "display": [
        4.9613030777741995,
        -0.6955708738130091,
        2.8605203655092186,
        0.054733742357321806,
        -0.23907437894243375,
        0.9694574043148322,
        -0.04649515840580981,
        0.9692493953044561,
        0.24164811182122903,
        2.184837110189094,
        1.3216662567280388
      ],
      "id": 0,
      "name": "05c269f0-45a8-4018-9ec8-6357d44e608b.jpg"
    },
    {
      "raw": [
        2250.4762803471,
        2060.2080963007,
        380.18644966504,
        970.91831711332,
        -195.2970494383,
        2019.2054016485,
        -1909.5245859857,
        -339.42695654726,
        -0.044247674302127,
        0.96942575511837,
        0.24136248389514,
        0.27460527157559
      ],
      "image_size": [
        4000,
        3000
      ],
      "display": [
        -0.1861505257026871,
        -0.1996762534248458,
        -0.3698615261651338,
        0.054895857046516755,
        -0.2388747139485875,
        0.9694974553422554,
        -0.04424767430212698,
        0.9694257551183696,
        0.2413624838951399,
        2.184837110189135,
        1.3216662567280697
      ],
      "id": 1,
      "name": "2e052ca1-730f-4c7e-849a-f19b892a12e0.jpg"
    },
    {
      "raw": [
        2255.3645026047,
        2054.9601813915,
        379.62117731136,
        17536.350556101,
        -189.31757546232,
        2018.0712692897,
        -1911.3248660911,
        -13686.218508563,
        -0.041976339142059,
        0.96973528259864,
        0.24052332243583,
        -0.45751335759097
      ],
      "image_size": [
        4000,
        3000
      ],
      "display": [
        -8.167709173020308,
        1.3421397773307704,
        -4.934479770637679,
        0.05380360520702292,
        -0.2381922010740438,
        0.9697265838442448,
        -0.04197633914205892,
        0.9697352825986382,
        0.24052332243582958,
        2.1848371101891275,
        1.3216662567280826
      ],
      "id": 2,
      "name": "78db35bb-da18-46dd-bdc5-098699a1aa62.jpg"
    },
    {
      "raw": [
        2254.2237797479,
        2056.0735178409,
        380.36753939998,
        13429.717715724,
        -191.09029101124,
        2019.2481688166,
        -1909.9049372839,
        -10245.016561348,
        -0.042496848529496,
        0.96954667640976,
        0.2411913351011,
        -0.40683718631234
      ],
      "image_size": [
        4000,
        3000
      ],
      "display": [
        -6.2994840598792425,
        1.046018358344224,
        -3.6279688738559814,
        0.054225572019214824,
        -0.23881531703212064,
        0.9695498087721112,
        -0.042496848529495965,
        0.9695466764097591,
        0.24119133510109977,
        2.18483711018902,
        1.3216662567281008
      ],
      "id": 3,
      "name": "b8863d6f-03b7-4992-9d6e-1e9981c4c94a.jpg"
    },
    {
      "raw": [
        2240.5172316197,
        2070.4071699269,
        383.58742224896,
        -18095.814877647,
        -202.66241031016,
        2019.2712279205,
        -1908.6872953916,
        14227.73172731,
        -0.048986289016446,
        0.96908500905278,
        0.24181519538188,
        0.14885462412778
      ],
      "image_size": [
        4000,
        3000
      ],
      "display": [
        8.159758663152099,
        -1.0957285123113645,
        5.428590809810005,
        0.054995111679254124,
        -0.2391215748716523,
        0.9694309723349505,
        -0.04898628901644585,
        0.9690850090527771,
        0.24181519538187926,
        2.1848371101891133,
        1.3216662567280826
      ],
      "id": 4,
      "name": "ba6582c5-9670-4a77-bdb0-2df6be9d91c3.jpg"
    },
    {
      "raw": [
        2249.3472728892,
        2061.39639535,
        380.42656605537,
        -2872.5737970336,
        -196.41878170099,
        2019.3344706507,
        -1909.273027591,
        2331.055765876,
        -0.044778333778571,
        0.96937139567469,
        0.241482914658,
        0.29830881813768
      ],
      "image_size": [
        4000,
        3000
      ],
      "display": [
        1.5322820176757503,
        -0.3971824961258163,
        0.6431989953397769,
        0.055033623531222195,
        -0.23896467204222716,
        0.9694674753681912,
        -0.044778333778570906,
        0.9693713956746879,
        0.24148291465799948,
        2.1848371101888504,
        1.3216662567281163
      ],
      "id": 5,
      "name": "e0e177a6-572b-48e2-9c5b-0994e8944aa2.jpg"
    }
  ]
}